Name,Child,Count,Created Time,Last Edit Time,Parent,Problems,Rem,Status,Tags
String Sort,,3,"May 11, 2021 8:52 AM","May 11, 2021 8:52 AM",../String%2031fee88325084b2db1f8d82cce81360c.md,"https://www.notion.so/K-Adjacent-Swaps-to-Make-Minimum-Integer-binarysearch-2a39e62026dc41b8ba8fcef11f4f267e, https://www.notion.so/Minimum-Adjacent-Swaps-to-Reach-the-Kth-Smallest-Number-LeetCode-e8f453b3f9284fe7a8767fbdf92c0b55, https://www.notion.so/Largest-Number-e7f915f6879a4255b640df9c963f6793",,active,
Default,,,"Feb 22, 2021 9:17 PM","May 19, 2021 9:15 AM",,,,,
Two Pointers,,35,"Feb 22, 2021 9:17 PM","Feb 22, 2021 9:17 PM",../Greedy%20ea1f204b1d0b40e89fdb87f6dc8055d3.md,"https://www.notion.so/Rotate-a-Box-Under-Gravity-binarysearch-3342c3c679134012849e803c97998064, https://www.notion.so/Equal-Sum-Arrays-With-Minimum-Number-of-Operations-LeetCode-8c2d4cad3174462e9b41e8ca7e828d8f, https://www.notion.so/Maximum-Score-from-Performing-Multiplication-Operations-Leetcode-0e4f2e83315945d684352e236103a3e4, https://www.notion.so/Minimum-changes-in-file-diff-f058800a847d4e80898d6fb4591be5b9, https://www.notion.so/Longest-Consecutive-Sublist-binarysearch-de57913f945644e192443711b9a483b8, https://www.notion.so/Largest-Merge-Of-Two-Strings-LeetCode-03c3d68e8a164c97baecb55885cceb68, https://www.notion.so/Minimum-Length-of-String-After-Deleting-Similar-Ends-LeetCode-b614be25da394ff6b9bf68bc7a3a4586, https://www.notion.so/D-Cleaning-the-phone-014fdd92baa1420c8b2f579f164277f8, https://www.notion.so/Rocketship-Rescue-binarysearch-44fe85fdebf941bb8fe9e8372968d0dc, https://www.notion.so/Amazon-Telephonic-Round-SDE-2-LeetCode-Discuss-5ea64da8709345b6afccd41f930fe709, https://www.notion.so/Is-Subsequence-LeetCode-d0c9deb4f3104c0fb28e95d731a51ef0, https://www.notion.so/Ways-to-Split-Array-Into-Three-Subarrays-Leetcode-2420148c6cd44e908ba933be08067fdb, https://www.notion.so/Hunger-Games-8643d55593e84b61ba5f280500fe8d98, https://www.notion.so/Merge-two-sorted-arrays-n-m-n-9473391265ac4849a7aca73d44696490, https://www.notion.so/Partition-Labels-Leetcode-3c0b164a082e4c2a92af739735bf3531, https://www.notion.so/Minimum-Window-Sort-medium-fba57b50a33b474fa2d05605477b20f6, https://www.notion.so/Triplet-Sum-Less-than-the-target-8baec28c88664d9bbc883554ce46b4a1, https://www.notion.so/Pair-with-the-target-sum-d18798389b42441291744881a7b6acb9, https://www.notion.so/Triplet-sum-to-zero-a5b143deb29b43e0a06a6c4f96fc0201, https://www.notion.so/Squaring-a-Sorted-Array-362fb87aacb842dbbc0de09c98f1b1bc, https://www.notion.so/Longest-common-substring-Maximum-Length-of-Repeated-Subarray-LeetCode-c1aae1f739db40e590778763ca8d5d78, https://www.notion.so/Get-the-Maximum-Score-LeetCode-a99e15a68f9e4c3c952f1db74aebe0b6, https://www.notion.so/Longest-Common-Subsequence-LeetCode-cc8345d83aa849a2aecabcf273efd124, https://www.notion.so/Subarrays-with-K-Different-Integers-LeetCode-6ecc1c6075de4185b28cfefd208378d8, https://www.notion.so/LCS-Longest-Common-Subsequence-of-three-strings-GeeksforGeeks-cbd7da601f8943c4baaa4e12e0f6df28, https://www.notion.so/E-Sequence-Matching-5927c11dea5c47149e8870992aa6a27d, https://www.notion.so/Start-of-the-cycle-in-linked-list-b19f3b0ab9f8467684956c75efee6fe4, https://www.notion.so/Container-With-Most-Water-2838a91a593b4fa285128c4683006d96, https://www.notion.so/Sort-Colors-17569888768b421c93d3edfd62cfa55e, https://www.notion.so/Minimum-Number-of-Arrows-to-Burst-Balloons-91093d276b474230a2c9984ed9939327, https://www.notion.so/Interleaving-String-7ec178921bdd44c6808ee83ed302738c, https://www.notion.so/3Sum-Closest-2ead7af23ec24678b9da5cb4df22485f, https://www.notion.so/Print-changes-in-minimum-file-diff-b6bb75c4a8754546aff6b5ce0b0be7a6, https://www.notion.so/Compressed-Vector-Product-binarysearch-dc47d4f7399148a59cc1627115f24af8, https://www.notion.so/Maximum-Score-of-a-Good-Subarray-Leetcode-3a578c487dea4a9da19e607ccbce6b7c",,,
Bits,,14,"Feb 22, 2021 9:17 PM","Feb 22, 2021 9:17 PM",,"https://www.notion.so/Find-XOR-Sum-of-All-Pairs-Bitwise-AND-LeetCode-87f9127ac7fb4adfb96be39a97e265d7, https://www.notion.so/Next-Binary-Permutation-39ae936bf6554d7b9fe7b965ef903517, https://www.notion.so/Lone-Integer-82b96997b349431b9590809aeaa8ed92, https://www.notion.so/Subarray-with-maximum-xor-ad1204b9244e4331bae1470c9d545193, https://www.notion.so/Two-Single-Numbers-medium-b6139c3ff4b0463ca330a08b73e33ca8, https://www.notion.so/Counting-Bits-LeetCode-bb9c307147a54725a2f50bbb348846fc, https://www.notion.so/Bitwise-AND-of-Range-of-Numbers-binarysearch-6e8da23e6bd744b597b962cd0278552a, https://www.notion.so/Find-a-Value-of-a-Mysterious-Function-Closest-to-Target-LeetCode-79c1be0c1678445eb2e48849ffe081d6, https://www.notion.so/XOR-Range-Queries-binarysearch-956fff9f87224f038126a3b53f1fb355, https://www.notion.so/Bit-Sum-bfc47add23f346caa90d4ad97af86eaa, https://www.notion.so/Set-Bits-79de3dc4d30f4f8aaf6a325b3e7d3645, https://www.notion.so/Number-of-1-Bits-LeetCode-4e87b998860c4afbb67a7769e8fb7149, https://www.notion.so/Bit-Logic-4fe22304d69c4434b460946dc5895e65, https://www.notion.so/E-Apollo-versus-Pan-16a9a462ca2e4ad8864cef4d8ce49517",,active,
Sorting Algorithms,,4,"Feb 22, 2021 9:17 PM","Feb 22, 2021 9:17 PM",,"https://www.notion.so/Next-Permutation-f72d658cad3e4c02bcd5e732650ec0c7, https://www.notion.so/K-Numbers-Greater-Than-or-Equal-to-K-binarysearch-1e1fc0d5619748788d1ab9db1a3eb966, https://www.notion.so/Search-in-Rotated-Sorted-Array-LeetCode-0bed7dc9a1254314b11860e11bb53dfe, https://www.notion.so/Sort-List-LeetCode-64ecb6f90fd74dd5ae25b5d618fd3a8c",,,
Suffix Arrays,,,"Feb 22, 2021 9:17 PM","Feb 22, 2021 9:17 PM",,,,,
Range Queries,,,"Feb 22, 2021 9:17 PM","Feb 22, 2021 9:17 PM",,,,,
Heap,,2,"Feb 22, 2021 9:17 PM","Feb 22, 2021 9:17 PM",,"https://www.notion.so/Top-k-largest-elements-773ec208a41d401287f6ba91cb8f4c5b, https://www.notion.so/Maximum-Average-Pass-Ratio-Leetcode-ed42611dcb454e68bc113776b41ee5a0",,,
Subarray,,5,"Feb 22, 2021 9:17 PM","Feb 22, 2021 9:28 PM",../Array%20af1fbf6be3da4abfadba9d43c8017242.md,"https://www.notion.so/Form-Array-by-Concatenating-Subarrays-of-Another-Array-LeetCode-3183ebda566d469c9ea0e15cba60b299, https://www.notion.so/Make-Sum-Divisible-by-P-LeetCode-360d0139c7d34f1b8cc83ef4a3e98223, https://www.notion.so/Maximum-Absolute-Value-of-Sublist-binarysearch-a9754a226b954899aa3bff604ed23ec4, https://www.notion.so/Number-of-Non-Overlapping-Sublists-With-Sum-of-Target-binarysearch-9d995107bc7048fe9bc0bc3678c675ac, https://www.notion.so/Maximum-Subarray-Sum-with-One-Deletion-Leetcode-1a3633d4ba0840c19fa528b47249404a",,,
Divide and Conquer,,1,"Feb 22, 2021 9:17 PM","Feb 22, 2021 9:17 PM",,https://www.notion.so/Sort-List-LeetCode-64ecb6f90fd74dd5ae25b5d618fd3a8c,,,
Custom datastructures,,19,"Feb 22, 2021 9:17 PM","Feb 22, 2021 9:17 PM",,"https://www.notion.so/How-to-maintain-maximum-of-set-of-elements-with-updates-c20c34e3372643e0be5318b74eb08640, https://www.notion.so/Subarray-with-maximum-xor-ad1204b9244e4331bae1470c9d545193, https://www.notion.so/BST-getting-the-kth-smallest-element-c4eab2aacf694a73a4a3ed60e2ddb104, https://www.notion.so/Find-the-number-of-monotonic-triplets-bb51474ee1de47b5a6761db5afc6b563, https://www.notion.so/Distinct-subarrays-with-at-most-k-odd-elements-7f29c4527e014c9293e29ff696210864, https://www.notion.so/Find-the-number-of-inversions-in-a-given-array-6234ecea1659454299cb512a4460bb31, https://www.notion.so/Insert-Stream-of-Numbers-Return-number-of-numbers-less-than-current-1f941522ea964a8dad1b9c38ad3ecaa8, https://www.notion.so/Next-Binary-Permutation-39ae936bf6554d7b9fe7b965ef903517, https://www.notion.so/Two-Single-Numbers-medium-b6139c3ff4b0463ca330a08b73e33ca8, https://www.notion.so/XOR-Range-Queries-binarysearch-956fff9f87224f038126a3b53f1fb355, https://www.notion.so/Bit-Sum-bfc47add23f346caa90d4ad97af86eaa, https://www.notion.so/Lone-Integer-82b96997b349431b9590809aeaa8ed92, https://www.notion.so/Counting-Bits-LeetCode-bb9c307147a54725a2f50bbb348846fc, https://www.notion.so/Bitwise-AND-of-Range-of-Numbers-binarysearch-6e8da23e6bd744b597b962cd0278552a, https://www.notion.so/Find-a-Value-of-a-Mysterious-Function-Closest-to-Target-LeetCode-79c1be0c1678445eb2e48849ffe081d6, https://www.notion.so/Number-of-1-Bits-LeetCode-4e87b998860c4afbb67a7769e8fb7149, https://www.notion.so/Set-Bits-79de3dc4d30f4f8aaf6a325b3e7d3645, https://www.notion.so/Bit-Logic-4fe22304d69c4434b460946dc5895e65, https://www.notion.so/E-Apollo-versus-Pan-16a9a462ca2e4ad8864cef4d8ce49517",,,
Trie,,2,"Feb 22, 2021 9:17 PM","Feb 25, 2021 8:10 AM",,"https://www.notion.so/Concatenated-Words-Leetcode-68eff29609424a028f4cbefe445bb4c9, https://www.notion.so/Word-Search-II-5992ad02621b424c9092f3e9d26d7e43",,,
Matrix,,42,"Feb 22, 2021 9:17 PM","Feb 22, 2021 9:56 PM",,"https://www.notion.so/Spiral-Matrix-III-LeetCode-c1a07ea290b64a009a2c9ce52f0483e0, https://www.notion.so/Distinct-Islands-e1cc1f2e3bf941d986469b3c0c62453f, https://www.notion.so/Food-delivery-to-tech-park-9a4169968d2d4e1bb1e2badb2f1d70cb, https://www.notion.so/Cherry-Pickup-LeetCode-a73c725479264cd2a914d52d1a898d4b, https://www.notion.so/Maximize-Rook-Square-Values-c2f11d337c194a14b0a1448ddc4c887d, https://www.notion.so/Swiggy-Mascot-Travel-95ff829855de46f7b4f8ca1d1501620c, https://www.notion.so/Minimum-Swaps-to-Arrange-a-Binary-Grid-Leetcode-d7fe868a67404036a1807ed30c779620, https://www.notion.so/Akari-1cb96c1151ab4cfd8f6add34ebec150a, https://www.notion.so/Practical-Skill-Test-cbab197f517b4b30aa60002850c7e5a2, https://www.notion.so/Queen-on-the-Grid-4bfe590e199245928804093f4c10fd8e, https://www.notion.so/Walled-Off-ed9af9078ab44612b2764cd8238a6b27, https://www.notion.so/Minimum-Cost-Path-with-Left-Right-Bottom-and-Up-moves-allowed-GeeksforGeeks-b4e2d561d652469fb88e5204618bc344, https://www.notion.so/F-Unusual-Matrix-2e47b3e28f8c4d4fadeb64eddf4bc33a, https://www.notion.so/B-The-least-round-way-9889b0d9a536439cab8ba6814793987d, https://www.notion.so/N-Queens-LeetCode-47c0d227d1514686bf7b0d1d0bda20ef, https://www.notion.so/Spiral-Matrix-II-LeetCode-95b1eda25bbc41648389668ddfb577b4, https://www.notion.so/Surrounded-Regions-LeetCode-eb750db38a43463ab88a2e45c6142c1b, https://www.notion.so/Game-of-Life-Leetcode-b2a7820ab93747e1821bc39df53a6781, https://www.notion.so/Search-a-2D-Matrix-77cdaa4be67d4ada94d24ee3cf9be8bd, https://www.notion.so/Search-a-2D-Matrix-II-ba94d1c9e77f4a1cae811ede2d124828, https://www.notion.so/Spiral-Matrix-59bb07ea77464b4881b0135bcd8e2e95, https://www.notion.so/Path-with-Maximum-gold-f7c30ab252ee481d84aec8580cd1e660, https://www.notion.so/Maximal-Square-f8080ea4a1e84c56a94bf203b5fea35c, https://www.notion.so/Largest-Submatrix-With-Rearrangements-LeetCode-533a14be49a74598be0877ba4a886fbb, https://www.notion.so/Find-minimum-moves-in-a-matrix-387df2d5cc9c4b8ba4c9a4d20095f7d5, https://www.notion.so/Largest-One-Submatrix-with-Column-Swaps-binarysearch-5e7965432f094672bf82ec385ade3689, https://www.notion.so/Sell-Diminishing-Valued-Colored-Balls-2e685c02a8474d8199cc6cc2f755fec8, https://www.notion.so/Minimum-operations-to-make-frequency-of-all-characters-equal-K-GeeksforGeeks-dfdc8b4406a04493b2e6760eef5fbdbd, https://www.notion.so/LRU-Cache-Implementation-1a0f3e5f084e458c80c326faaf6e2e36, https://www.notion.so/Window-Queries-6febf8dd351f409daaa6947dede28ceb, https://www.notion.so/Maximal-Commonality-4e6e1f1597454e6a8c433913300794e7, https://www.notion.so/Check-if-a-number-is-happy-33a3549d89ce49b69f803b78738751c8, https://www.notion.so/Group-Anagrams-c34d213e57ba4c1cb6a260cb7facb631, https://www.notion.so/Number-of-Matching-Subsequences-LeetCode-425be8f8a4544dc3ad9fc6c9c76c51bf, https://www.notion.so/Copy-List-with-Random-Pointer-a886b0add34241a4a8166e809ae9c6a5, https://www.notion.so/Subarray-Sum-Equals-K-9e85db0f8f894316840a80336ad53e8a, https://www.notion.so/Subarray-Sums-Divisible-by-K-Leetcode-6b7ae9626275425db3688e7b3bd9258a, https://www.notion.so/Points-on-a-Line-f5e3859979384878b22056ad4564b69b, https://www.notion.so/Word-Search-III-28f3cdb3e6b34189beb8ee5784b33ecd, https://www.notion.so/Print-Derangements-c51172033f2f4ba0a8b51955274eebc4, https://www.notion.so/Can-I-Win-LeetCode-f6a61ea280bd4484ba681b0d8e082a3c, https://www.notion.so/Job-Assignment-Problem-Find-minimum-time-to-finish-all-jobs-cbfdb43e74cd4ad0b260de8b79c25e2e",,archive,
KD Tree,,,"Feb 22, 2021 9:17 PM","Feb 25, 2021 8:10 AM",,,,archive,
Binary Tree,,24,"Feb 22, 2021 9:17 PM","Feb 22, 2021 9:26 PM",,"https://www.notion.so/LCA-binary-tree-9ee06d289c80491b9b53ff59e82d2d84, https://www.notion.so/Longest-Univalue-Path-LeetCode-65cafe19478b4f4ca3830cdb472f422b, https://www.notion.so/Unique-Binary-Search-Trees-LeetCode-61bbeafd888043e1aec13be5d9f4f37f, https://www.notion.so/Binary-Tree-Maximum-Path-Sum-LeetCode-28ebeed1237b40b4a956425aa1a7f1dc, https://www.notion.so/Construct-Binary-Tree-from-Preorder-and-Inorder-Traversal-dd8ee94aeb24448c856ffeb7a2537d6a, https://www.notion.so/Validate-Binary-Search-Tree-3a1ac6b53afb4610b460ef27f8ae4d67, https://www.notion.so/Binary-Tree-Inorder-Traversal-Iteration-979ff63120d949a6a5742027962d7267, https://www.notion.so/Folia-640d6db09e414a58b1ee91b80ad7b704, https://www.notion.so/Recover-Binary-Search-Tree-879dc6117fe54916bb47df5174b17b57, https://www.notion.so/Vertical-Order-Traversal-of-a-Binary-Tree-e85986aa4a964f4aa1607a7513fa6782, https://www.notion.so/Binary-Tree-Level-Order-Traversal-991402b22f464420b7ba1d02073ab451, https://www.notion.so/Count-Complete-Tree-Nodes-002e4034d2474722b81c7f7b556e6b99, https://www.notion.so/Count-the-Number-of-Binary-Search-Trees-present-in-a-Binary-Tree-GeeksforGeeks-537f1545528a49469e86ec421698a027, https://www.notion.so/Construct-Complete-Binary-tree-a9b86104dd9d4ef498ae66ade11b620f, https://www.notion.so/kth-Maximum-Element-in-a-bst-713533d173c24abeb4f1b1d372894ec8, https://www.notion.so/BST-complete-BST-c42d097b89e0465291e3134085a48cb0, https://www.notion.so/Flip-Equivalent-Binary-Trees-b7e6b5fb221d4900a7227c679ee36ea9, https://www.notion.so/Kth-Smallest-Element-in-a-BST-LeetCode-48715518ea7946aaad7afe4a249f0188, https://www.notion.so/Lowest-Common-Ancestor-of-a-Binary-Tree-5d7476a0b21a4386a34eb47814473f49, https://www.notion.so/Binary-Tree-Zigzag-Level-Order-Traversal-16c938e1535e46df806d2a4be4e47251, https://www.notion.so/Binary-Tree-Maximum-Path-Sum-f59b2855591d4e3fbea98fa91c8ced6c, https://www.notion.so/Balance-a-Binary-Search-Tree-cf498bd0ba1a42778a0a865212092917, https://www.notion.so/Binary-Search-Tree-Iterator-aedee63a5e20413584299094282c3e5b, https://www.notion.so/Binary-tree-Morris-Traversal-19b1790ae2af467ba66dea6ebcc0df3f",,archive,
Hashing,,18,"Feb 23, 2021 9:00 AM","Feb 23, 2021 9:00 AM",,"https://www.notion.so/Point-Distances-with-Shared-Coordinate-binarysearch-831a79d22f6e4af687f4650641db9c57, https://www.notion.so/Copy-List-with-Random-Pointer-a886b0add34241a4a8166e809ae9c6a5, https://www.notion.so/K-diff-Pairs-in-an-Array-8bcdcfa0fea34026a65ded20b79e06a0, https://www.notion.so/Last-Value-Map-binarysearch-22a11780ed374bc0a1a4f629726b1d4c, https://www.notion.so/Points-on-a-Line-f5e3859979384878b22056ad4564b69b, https://www.notion.so/Window-Queries-6febf8dd351f409daaa6947dede28ceb, https://www.notion.so/Minimum-Area-Rectangle-72944320645e4430a70c0d0baae10b21, https://www.notion.so/Evaluate-the-Bracket-Pairs-of-a-String-LeetCode-e7942c4d6e024dd9ab50c18ea02e9fde, https://www.notion.so/Minimum-operations-to-make-frequency-of-all-characters-equal-K-GeeksforGeeks-dfdc8b4406a04493b2e6760eef5fbdbd, https://www.notion.so/LRU-Cache-Implementation-1a0f3e5f084e458c80c326faaf6e2e36, https://www.notion.so/Maximal-Commonality-4e6e1f1597454e6a8c433913300794e7, https://www.notion.so/Group-Anagrams-c34d213e57ba4c1cb6a260cb7facb631, https://www.notion.so/Number-of-Matching-Subsequences-LeetCode-425be8f8a4544dc3ad9fc6c9c76c51bf, https://www.notion.so/Subarray-Sum-Equals-K-9e85db0f8f894316840a80336ad53e8a, https://www.notion.so/Practical-Skill-Test-cbab197f517b4b30aa60002850c7e5a2, https://www.notion.so/Check-if-a-number-is-happy-33a3549d89ce49b69f803b78738751c8, https://www.notion.so/Subarray-Sums-Divisible-by-K-Leetcode-6b7ae9626275425db3688e7b3bd9258a, https://www.notion.so/Finding-Pairs-With-a-Certain-Sum-LeetCode-6c9921c848854ffcad6708f5b1b4b2dc",,,
Linked List,,5,"Feb 24, 2021 9:12 AM","Feb 24, 2021 9:12 AM",,"https://www.notion.so/Reverse-Linked-List-II-LeetCode-60442906ec414d0ab313132f33339bd6, https://www.notion.so/Reorder-List-Leetcode-4fa71587f0244c0aba378301a3727a9c, https://www.notion.so/Start-of-the-cycle-in-linked-list-b19f3b0ab9f8467684956c75efee6fe4, https://www.notion.so/Add-Two-numbers-d44ddfb5805c4d519c9a123bd75a1ed6, https://www.notion.so/Linked-List-Cycle-c19a53a841fb41e7bda27a6a2becc7d6",,archive,topic
Subsequence,,1,"Feb 24, 2021 9:31 AM","Feb 24, 2021 9:31 AM",,https://www.notion.so/D-Happy-Birthday-2-e95f0cfa713248d696ba00dd0c9880c4,,,
BFS,,10,"Feb 25, 2021 8:08 AM","Feb 25, 2021 8:10 AM",../Greedy%20ea1f204b1d0b40e89fdb87f6dc8055d3.md,"https://www.notion.so/Word-Ladder-30bb42508a634620b3af4659a06dfd76, https://www.notion.so/Jump-Game-II-LeetCode-2adbef5e71be4246be78ee00c1d1d7c4, https://www.notion.so/Reach-n-m-235b04983deb4dcda6ed24a074001c10, https://www.notion.so/Country-Roads-b832c36fec74475d82acd988e814f8fa, https://www.notion.so/Peak-Heights-6d1ca7ca81284dedac73643245e156d9, https://www.notion.so/Evaluate-Division-44403c8a1a464a47a7a962dd5cb11a35, https://www.notion.so/Minimum-cost-to-reach-from-the-top-left-to-the-bottom-right-corner-of-a-matrix-Geeksforgeeks-f3fc2abedb864783ba44d53e576123a3, https://www.notion.so/Shortest-Path-in-a-Grid-with-k-Obstacles-Elimination-Leetcode-9fb9f1557e3f49fe94384c5f87eddfcc, https://www.notion.so/Cheapest-Bus-Route-aaabd7a2be374a0db9571b8968a2a863, https://www.notion.so/Jump-Game-VII-LeetCode-d3385f7fc7124b87aa49f2ee05a8cc8d",,,
Partition,,2,"Feb 26, 2021 9:35 AM","Apr 06, 2021 8:11 AM",,"https://www.notion.so/QuickSort-GeeksforGeeks-8ec86d69ea28420aa1d2649f81968b83, https://www.notion.so/Kth-Largest-Element-in-an-Array-LeetCode-bfaa5716f61e47fe806a7283e8e602d8",,active,
Adjacent Swaps,,1,"Feb 28, 2021 8:20 AM","Feb 28, 2021 8:20 AM",,https://www.notion.so/Minimum-Swaps-to-Arrange-a-Binary-Grid-Leetcode-d7fe868a67404036a1807ed30c779620,,,
Traversal,,23,"Mar 01, 2021 8:44 AM","Mar 01, 2021 8:44 AM",,"https://www.notion.so/Reverse-Linked-List-iteration-and-recursion-aa86e1c2f37a45e8b4adfc2f61b9b0ce, https://www.notion.so/Characters-in-Each-Bracket-Depth-binarysearch-24dcf12e5b8a4247b1ec7338bf87c417, https://www.notion.so/Maximum-Coins-Kick-Start-da15b7a3b16042288b57bdce4fc35066, https://www.notion.so/Minimum-Number-of-Operations-to-Reinitialize-a-Permutation-LeetCode-1c7b0c7df47c42c0970ce44a308c42cb, https://www.notion.so/Number-of-Different-Integers-in-a-String-LeetCode-00923807a9c34f358940a427f191502e, https://www.notion.so/Probability-that-the-second-best-is-the-runner-up-8ede906c00604cbd9673acc0f00ef9fd, https://www.notion.so/Kth-User-to-Visit-Website-binarysearch-25891b7eb2e3464eacbec88194b6c7c1, https://www.notion.so/Maximum-Product-Subarray-41cce226138f48dd8eec60b3a0b9b198, https://www.notion.so/Triplets-with-maximum-sum-of-all-middles-e901968d47d04a2cae68060b59a103f5, https://www.notion.so/Search-a-2D-Matrix-III-673cea2716dd429c95d6e0ba189531e0, https://www.notion.so/Largest-Consecutive-Subset-320ae43ef56f43e98a3214178bdf2f41, https://www.notion.so/B-Last-minute-enhancements-429e201a32e9487992f63f16989f2330, https://www.notion.so/Maximum-Sum-Subarray-0909dcbaaf4a4f6690d10dcf46771e20, https://www.notion.so/Swapping-Nodes-in-a-Linked-List-Leetcode-0dbcdf4b3a794d7089a09b65cbc73db1, https://www.notion.so/Rotate-Array-LeetCode-c7323480089a4f038c784c6b859eb3e0, https://www.notion.so/Remove-Interval-Overlaps-binarysearch-41f76b1430c94254b13badf18ea8da0b, https://www.notion.so/Maximize-Distance-to-Closest-Person-003def1da03b485a9e6b4a73f1c6cd3c, https://www.notion.so/Monotone-Increasing-Digits-LeetCode-72e0b759ccfe49018e9d5bfb5b567eb1, https://www.notion.so/Array-Nesting-LeetCode-c6bbcfa268bc4471af0d72907bc37df3, https://www.notion.so/C-Nezzar-and-Symmetric-Array-4baed17758ba46369f0644d917bb2715, https://www.notion.so/Previous-Permutation-9ab94d40129b46819e68ee80d41e42b4, https://www.notion.so/Minimum-Degree-of-a-Connected-Trio-in-a-Graph-LeetCode-d9cfa6a768ec476b801bb6a8b50be343, https://www.notion.so/Remove-Covered-Intervals-a388870831c84e73893ee6f9e49dd771",,,
Linear dp,,,"Mar 01, 2021 8:47 AM","Mar 01, 2021 8:47 AM",,,,,
State DP,,4,"Mar 01, 2021 8:58 AM","Mar 01, 2021 8:58 AM",,"https://www.notion.so/Expected-number-of-throws-to-get-56-e10cd60f324c4ca0a67e0ec0868f86de, https://www.notion.so/Expected-number-of-throws-to-get-55-7bbadb289827493db8cea750a7aff611, https://www.notion.so/Expected-steps-to-reach-opposite-corner-3e9b2df78fe64b2e9a7bebf00f9cf820, https://www.notion.so/One-step-back-two-step-forward-reach-end-of-array-870a6e3dafb944b585bfbb24802d89d9",,,
Memoization,,1,"Mar 03, 2021 8:02 AM","Mar 03, 2021 8:02 AM",,https://www.notion.so/Number-of-Monotonically-Increasing-Lists-binarysearch-a22005041870477287e30e5d01266bcc,,,
Intervals,../Interval%20Overlaps%20565fcb6c998148ab82b9ec576adcf781.md,16,"Mar 04, 2021 8:13 AM","Apr 06, 2021 8:35 AM",,"https://www.notion.so/Longest-Palindromic-Subsequence-LeetCode-838ed8dbb40f497b8c179fc8129fb4e2, https://www.notion.so/Number-of-Non-Overlapping-Sublists-With-Sum-of-Target-binarysearch-9d995107bc7048fe9bc0bc3678c675ac, https://www.notion.so/Activity-Selection-Problem-b98e4f278b8745d182d05ec2bebc05ef, https://www.notion.so/D-Snuke-Prime-2191a0c43c734693b4c34693e28023d3, https://www.notion.so/Find-the-maximum-number-of-overlaps-in-intervals-490d09489f6046c58c9e7b41373c74ca, https://www.notion.so/Maximum-Number-of-Events-That-Can-Be-Attended-LeetCode-ef58d69086194435ab4bf35d0c1b8540, https://www.notion.so/Insert-Interval-b5a4587eceea401487421c4d946cbdce, https://www.notion.so/Partition-Labels-Leetcode-3c0b164a082e4c2a92af739735bf3531, https://www.notion.so/Water-Heater-40751131fb354f58a6214460ed5e3073, https://www.notion.so/Merge-Intervals-18f370c562fe485682f9a158977a55c8, https://www.notion.so/Cover-Maximum-Range-intervals-f50df802ae1941e9a46c4a98fd59162f, https://www.notion.so/Video-Stitching-Leetcode-5cb996b015aa4962a4c544fcef454657, https://www.notion.so/Minimum-Number-of-Arrows-to-Burst-Balloons-91093d276b474230a2c9984ed9939327, https://www.notion.so/Jobs-and-Processor-8db7be8221aa46a58d1eff9a809b9e39, https://www.notion.so/Weighted-Merge-Interval-binarysearch-2958cf1304024d61a6347c3b6d716c29, https://www.notion.so/Single-Threaded-CPU-LeetCode-23ef5330aa8444818cb53fdd2936ca16",,active,
Greedy,"../Two%20Pointers%205f3e09475eb74b08b0880a7c6e1baa74.md, ../Sliding%20Window%2057edd445fc8d49ac98bcd1076bcdd3aa.md, ../Binary%20Search%20c1187205516c42ac9b3b3c69f153914a.md, ../BFS%2064f502c16c04413cb7e65786ad3a4f0d.md",110,"Mar 04, 2021 9:40 AM","Mar 04, 2021 9:41 AM",,"https://www.notion.so/Jump-Game-04428277492840a7947a1daa2ce5707d, https://www.notion.so/Minimum-Limit-of-Balls-in-a-Bag-LeetCode-e615ed0483484fbab54453cf52dd41ee, https://www.notion.so/Cut-Ribbons-of-Same-Length-8b3810d1b96f4507b234af6ef5badc19, https://www.notion.so/Wiggle-Sort-II-LeetCode-70f053666fd34448a7f8f1bb2f70cf22, https://www.notion.so/Sliding-Window-Maximum-Leetcode-17cc876f78684069b61694b83bcdf23b, https://www.notion.so/Queue-Reconstruction-by-Height-LeetCode-3d2c08b2380c45108d61401ce69f3319, https://www.notion.so/Previous-Permutation-9ab94d40129b46819e68ee80d41e42b4, https://www.notion.so/Maximum-Sum-Subarray-0909dcbaaf4a4f6690d10dcf46771e20, https://www.notion.so/Furthest-Building-You-Can-Reach-LeetCode-6bf65c009beb47da9620e48237992816, https://www.notion.so/B-Last-minute-enhancements-429e201a32e9487992f63f16989f2330, https://www.notion.so/Triplets-with-maximum-sum-of-all-middles-e901968d47d04a2cae68060b59a103f5, https://www.notion.so/Smallest-Subarray-with-a-given-sum-1e9e7de5027c4dc98ad2649335892091, https://www.notion.so/Minimum-Size-Subarray-Sum-LeetCode-f954eb48eb7043c2bb8e3d4455dcda6c, https://www.notion.so/Minimum-Cost-to-connect-ropes-d436f6e169bf4ce9aa3f569e61c0548a, https://www.notion.so/Knapsack-5870d79ca5694fb69df297e7c262fbc5, https://www.notion.so/Adjacent-Differences-5578e1ba718346f1953387b74c1965e0, https://www.notion.so/Max-multiplied-Pairings-3ae4916fff7f4ba89c18598721b75e60, https://www.notion.so/CPU-Scheduling-234191feee1f4dc481c3dc2f4dc07b58, https://www.notion.so/k-Amazing-Numbers-f17df0e0f531481ab4dc94a258a100c6, https://www.notion.so/Largest-Number-e7f915f6879a4255b640df9c963f6793, https://www.notion.so/Median-of-two-sorted-arrays-3259b9544b304ad08e24650306e1b8b0, https://www.notion.so/Maximize-Distance-to-Closest-Person-003def1da03b485a9e6b4a73f1c6cd3c, https://www.notion.so/Sell-Diminishing-Valued-Colored-Balls-2e685c02a8474d8199cc6cc2f755fec8, https://www.notion.so/Maximum-Product-Subarray-41cce226138f48dd8eec60b3a0b9b198, https://www.notion.so/Next-Permutation-f72d658cad3e4c02bcd5e732650ec0c7, https://www.notion.so/Find-the-maximum-number-of-overlaps-in-intervals-490d09489f6046c58c9e7b41373c74ca, https://www.notion.so/Print-changes-in-minimum-file-diff-b6bb75c4a8754546aff6b5ce0b0be7a6, https://www.notion.so/Search-a-2D-Matrix-III-673cea2716dd429c95d6e0ba189531e0, https://www.notion.so/Minimum-Cost-Path-with-Left-Right-Bottom-and-Up-moves-allowed-GeeksforGeeks-b4e2d561d652469fb88e5204618bc344, https://www.notion.so/Find-minimum-moves-in-a-matrix-387df2d5cc9c4b8ba4c9a4d20095f7d5, https://www.notion.so/Search-a-2D-Matrix-II-ba94d1c9e77f4a1cae811ede2d124828, https://www.notion.so/Search-a-2D-Matrix-77cdaa4be67d4ada94d24ee3cf9be8bd, https://www.notion.so/Equal-Sum-Arrays-With-Minimum-Number-of-Operations-LeetCode-8c2d4cad3174462e9b41e8ca7e828d8f, https://www.notion.so/Longest-Consecutive-Sublist-binarysearch-de57913f945644e192443711b9a483b8, https://www.notion.so/D-Cleaning-the-phone-014fdd92baa1420c8b2f579f164277f8, https://www.notion.so/Rocketship-Rescue-binarysearch-44fe85fdebf941bb8fe9e8372968d0dc, https://www.notion.so/Amazon-Telephonic-Round-SDE-2-LeetCode-Discuss-5ea64da8709345b6afccd41f930fe709, https://www.notion.so/Hunger-Games-8643d55593e84b61ba5f280500fe8d98, https://www.notion.so/Merge-two-sorted-arrays-n-m-n-9473391265ac4849a7aca73d44696490, https://www.notion.so/Minimum-Window-Sort-medium-fba57b50a33b474fa2d05605477b20f6, https://www.notion.so/Pair-with-the-target-sum-d18798389b42441291744881a7b6acb9, https://www.notion.so/Subarrays-with-K-Different-Integers-LeetCode-6ecc1c6075de4185b28cfefd208378d8, https://www.notion.so/Container-With-Most-Water-2838a91a593b4fa285128c4683006d96, https://www.notion.so/Sort-Colors-17569888768b421c93d3edfd62cfa55e, https://www.notion.so/Minimum-Number-of-Arrows-to-Burst-Balloons-91093d276b474230a2c9984ed9939327, https://www.notion.so/3Sum-Closest-2ead7af23ec24678b9da5cb4df22485f, https://www.notion.so/Get-the-Maximum-Score-LeetCode-a99e15a68f9e4c3c952f1db74aebe0b6, https://www.notion.so/Rotate-a-Box-Under-Gravity-binarysearch-3342c3c679134012849e803c97998064, https://www.notion.so/Is-Subsequence-LeetCode-d0c9deb4f3104c0fb28e95d731a51ef0, https://www.notion.so/Partition-Labels-Leetcode-3c0b164a082e4c2a92af739735bf3531, https://www.notion.so/Largest-Merge-Of-Two-Strings-LeetCode-03c3d68e8a164c97baecb55885cceb68, https://www.notion.so/Minimum-Length-of-String-After-Deleting-Similar-Ends-LeetCode-b614be25da394ff6b9bf68bc7a3a4586, https://www.notion.so/Top-K-Frequent-Elements-Leetcode-33cc6c93f93640178db28e2d33256e63, https://www.notion.so/Minimum-Spanning-Tree-57b62336d77d40d3b21bd8aefbd544c8, https://www.notion.so/Successive-Subtraction-4b34076037e7446aaa51438f41192c39, https://www.notion.so/Jumps-07f2d88a64534da09c39a310743d8b21, https://www.notion.so/Maximum-Number-of-Events-That-Can-Be-Attended-LeetCode-ef58d69086194435ab4bf35d0c1b8540, https://www.notion.so/Huffman-Coding-Greedy-Algo-3-GeeksforGeeks-e77b36050c8d4cc8b2f00a37fbf4aa4d, https://www.notion.so/Next-Permutation-From-Pool-binarysearch-5971d5d5accb4919aba27dc60b583710, https://www.notion.so/Monotone-Increasing-Digits-LeetCode-72e0b759ccfe49018e9d5bfb5b567eb1, https://www.notion.so/Remove-K-Digits-LeetCode-d9636684c1a749f08543542303c03063, https://www.notion.so/Longest-Substring-with-At-Least-K-Repeating-Characters-Leetcode-ea0b1f127588452b8c5019bc9963c890, https://www.notion.so/Convex-Hull-3a67dde3c1154c3caea2bbb79b377076, https://www.notion.so/Merge-Intervals-18f370c562fe485682f9a158977a55c8, https://www.notion.so/Minimum-Window-Substring-c1b8636410194f0bbd3e8972c2bd0956, https://www.notion.so/Takahashi-Unevolved-db2752019f6f4664965b02d528d95819, https://www.notion.so/Activity-Selection-Problem-b98e4f278b8745d182d05ec2bebc05ef, https://www.notion.so/B-Balls-of-Steel-1d2ebbfc276240af908d1dd22c6ed255, https://www.notion.so/Video-Stitching-Leetcode-5cb996b015aa4962a4c544fcef454657, https://www.notion.so/Cover-Maximum-Range-intervals-f50df802ae1941e9a46c4a98fd59162f, https://www.notion.so/D-Snuke-Prime-2191a0c43c734693b4c34693e28023d3, https://www.notion.so/Remove-Interval-Overlaps-binarysearch-41f76b1430c94254b13badf18ea8da0b, https://www.notion.so/Kth-User-to-Visit-Website-binarysearch-25891b7eb2e3464eacbec88194b6c7c1, https://www.notion.so/Minimum-Deletions-to-Make-Character-Frequencies-Unique-LeetCode-f9edd0a7bc204841bc7565e0c5944f37, https://www.notion.so/Maximum-Absolute-Value-of-Sublist-binarysearch-a9754a226b954899aa3bff604ed23ec4, https://www.notion.so/Compressed-Vector-Product-binarysearch-dc47d4f7399148a59cc1627115f24af8, https://www.notion.so/Remove-Duplicate-Letters-b546e1b4037844f8be54654f505e3168, https://www.notion.so/Maximum-Score-of-a-Good-Subarray-Leetcode-3a578c487dea4a9da19e607ccbce6b7c, https://www.notion.so/Divide-Array-in-Sets-of-K-Consecutive-Numbers-LeetCode-116c6a1e38c04ca3b8484de988453e48, https://www.notion.so/Maximum-Average-Pass-Ratio-Leetcode-ed42611dcb454e68bc113776b41ee5a0, https://www.notion.so/Maximum-Number-of-Consecutive-Values-You-Can-Make-LeetCode-88ee6e8d0878479994c00ab9e01f0cee, https://www.notion.so/Dijkstra-s-Algorithm-616708f1d96048ef8b1a39af45ad99c2, https://www.notion.so/Jobs-and-Processor-8db7be8221aa46a58d1eff9a809b9e39, https://www.notion.so/Minimum-Cost-to-Hire-K-Workers-LeetCode-0adde8f939334c0faf7afdb0bc431f4b, https://www.notion.so/Longest-Substring-Of-All-Vowels-in-Order-LeetCode-448d024f2d3741048c37a0f7d1111904, https://www.notion.so/Frequency-of-the-Most-Frequent-Element-LeetCode-aed9c865c06d4b72901753c0c0a4c0fb, https://www.notion.so/Longest-Valid-Parenthesis-c985403dd60a4b48bf694a2e13027aae, https://www.notion.so/Sum-of-Subarray-Minimums-Leetcode-0486d890393a4799985f416e77a0d18d, https://www.notion.so/Next-Greater-Node-in-Linked-List-a71002a860ef4eceba86978dd6b0a5ae, https://www.notion.so/Find-the-Most-Competitive-Subsequence-Leetcode-61f1994174a84126854d541b91b58202, https://www.notion.so/Largest-Rectangle-in-Histogram-LeetCode-93ff89988f3b41a4a3f8ac6b07eced18, https://www.notion.so/Minimum-Adjacent-Swaps-for-K-Consecutive-Ones-LeetCode-13df42e6e5484eab82e450bf991640a6, https://www.notion.so/Smallest-Window-Containing-Substring-bc17e6a968d9470caa8c15e6c58d9c93, https://www.notion.so/Permutation-in-a-String-664d2d40c4624944a7ffc12a2a4dffd3, https://www.notion.so/Longest-Substring-with-Same-Letters-after-Replacement-0094a2a5bc664ac98da0d5d185b52937, https://www.notion.so/Longest-Substring-with-At-Most-K-Distinct-Characters-LeetCode-b2e88b2ada0c4d10a45d7afaa357520b, https://www.notion.so/Longest-Subarray-with-Ones-after-Replacement-hard-40338106ed58470a9cda65b842731927, https://www.notion.so/Words-Concatenation-f9c9cf4caf7d47dfae3e781f7e144fe5, https://www.notion.so/Longest-Substring-Without-Repeating-Characters-b56bcd92fb3942bbb39dfb3298340480, https://www.notion.so/Rotate-Array-LeetCode-c7323480089a4f038c784c6b859eb3e0, https://www.notion.so/Swapping-Nodes-in-a-Linked-List-Leetcode-0dbcdf4b3a794d7089a09b65cbc73db1, https://www.notion.so/Reverse-Linked-List-iteration-and-recursion-aa86e1c2f37a45e8b4adfc2f61b9b0ce, https://www.notion.so/Largest-Consecutive-Subset-320ae43ef56f43e98a3214178bdf2f41, https://www.notion.so/Probability-that-the-second-best-is-the-runner-up-8ede906c00604cbd9673acc0f00ef9fd, https://www.notion.so/Remove-Covered-Intervals-a388870831c84e73893ee6f9e49dd771, https://www.notion.so/Characters-in-Each-Bracket-Depth-binarysearch-24dcf12e5b8a4247b1ec7338bf87c417, https://www.notion.so/Array-Nesting-LeetCode-c6bbcfa268bc4471af0d72907bc37df3, https://www.notion.so/C-Nezzar-and-Symmetric-Array-4baed17758ba46369f0644d917bb2715, https://www.notion.so/Minimum-Degree-of-a-Connected-Trio-in-a-Graph-LeetCode-d9cfa6a768ec476b801bb6a8b50be343, https://www.notion.so/Rotating-the-Box-LeetCode-0b0cfd89bf66485ca71707f39eb9d48c",,active,
Array,../Subarray%20ef1d425ad64945bf849cd2e45d4ee4aa.md,105,"Mar 04, 2021 9:41 AM","Mar 16, 2021 9:01 AM",,"https://www.notion.so/Characters-in-Each-Bracket-Depth-binarysearch-24dcf12e5b8a4247b1ec7338bf87c417, https://www.notion.so/Largest-Consecutive-Subset-320ae43ef56f43e98a3214178bdf2f41, https://www.notion.so/Cut-Ribbons-of-Same-Length-8b3810d1b96f4507b234af6ef5badc19, https://www.notion.so/Construct-Target-Array-With-Multiple-Sums-LeetCode-0ddd0a37e18640fdb814fc9346911b99, https://www.notion.so/Minimum-Limit-of-Balls-in-a-Bag-LeetCode-e615ed0483484fbab54453cf52dd41ee, https://www.notion.so/Wiggle-Sort-II-LeetCode-70f053666fd34448a7f8f1bb2f70cf22, https://www.notion.so/Find-First-and-Last-Position-of-Element-in-Sorted-Array-LeetCode-fb1aa2b4bee8453a80d0f1e332a21109, https://www.notion.so/Array-Nesting-LeetCode-c6bbcfa268bc4471af0d72907bc37df3, https://www.notion.so/Rotate-Array-LeetCode-c7323480089a4f038c784c6b859eb3e0, https://www.notion.so/Subsets-LeetCode-d36cff854e0c4b7c8313352e2c614392, https://www.notion.so/QuickSort-GeeksforGeeks-8ec86d69ea28420aa1d2649f81968b83, https://www.notion.so/H-Index-II-LeetCode-438da1823db64e88a563fd1d08875b18, https://www.notion.so/Permutations-LeetCode-4d488cfcee04438a872631a4229a572a, https://www.notion.so/Queue-Reconstruction-by-Height-LeetCode-3d2c08b2380c45108d61401ce69f3319, https://www.notion.so/Partition-to-K-Equal-Sum-Subsets-LeetCode-f1e6163973d84db0ab313cb3d53f8f1d, https://www.notion.so/Previous-Permutation-9ab94d40129b46819e68ee80d41e42b4, https://www.notion.so/Maximum-Subarray-Sum-with-One-Deletion-Leetcode-1a3633d4ba0840c19fa528b47249404a, https://www.notion.so/Maximum-Sum-Subarray-0909dcbaaf4a4f6690d10dcf46771e20, https://www.notion.so/Furthest-Building-You-Can-Reach-LeetCode-6bf65c009beb47da9620e48237992816, https://www.notion.so/Sliding-Window-Median-LeetCode-a9fc83c1f2cd4872be46387f8fe94d76, https://www.notion.so/Find-Median-from-Data-Stream-LeetCode-b87fb8512bc942cc83ee01bae67f868f, https://www.notion.so/Huffmann-Coding-9988d6a6f9284aa6b2a284e891ca6697, https://www.notion.so/Burst-Balloons-LeetCode-753bae99c5404e4db8340b8b797a8388, https://www.notion.so/Minimum-distance-to-travel-for-all-to-meet-in-1D-a34b0991298444349a7548d5f9587383, https://www.notion.so/Maximum-distinct-elements-by-increment-and-decrement-67b002bc28e244948588a50256bcc2cc, https://www.notion.so/Minimum-Operations-to-Make-a-Subsequence-Leetcode-01e610d2b8a54dc6bfb4b35b31ff2669, https://www.notion.so/B-Last-minute-enhancements-429e201a32e9487992f63f16989f2330, https://www.notion.so/Triplets-with-maximum-sum-of-all-middles-e901968d47d04a2cae68060b59a103f5, https://www.notion.so/Minimum-Score-Triangulation-of-Polygon-LeetCode-ff150264f0874b5da3557c4fd95040f6, https://www.notion.so/Number-of-subsets-with-zero-sum-GeeksforGeeks-a616e3d18e7a404996104d016030d541, https://www.notion.so/Maximum-number-of-trailing-zeros-in-the-product-of-the-subsets-of-size-k-Geeksforgeeks-a5aacb4515814d8d81b1f5782bb2501d, https://www.notion.so/Minimum-Number-of-weights-needed-to-measure-up-to-N-e1b7fd505e6a4899a023aa1a6c668464, https://www.notion.so/Best-Time-to-Buy-and-Sell-Stock-IV-LeetCode-8a416bd63f4944f381a0cbb18c8420fe, https://www.notion.so/Best-Time-to-Buy-and-Sell-Stock-III-LeetCode-230716c92c4842daad44aae398d9bc9f, https://www.notion.so/Best-Time-to-Buy-and-Sell-Stock-II-LeetCode-ff0b568ea5124dc98da9e5c24dfeca1a, https://www.notion.so/Best-Time-to-Buy-and-Sell-Stock-LeetCode-0856c7a6811a4dc0b861d1aed9bbc105, https://www.notion.so/Convert-multidimensional-array-to-1d-6fef8561299643b8989aaae3f7664c12, https://www.notion.so/Swapping-Game-bbf2f6cbf8814c409d6cab65bcda682e, https://www.notion.so/Minimum-Cost-to-Cut-a-Stick-LeetCode-a73267fcc25a4105910a7903070a31bf, https://www.notion.so/Make-water-in-all-buckets-equal-04db09d238024a5381d2e1815afdf46d, https://www.notion.so/Jump-Game-VI-LeetCode-54152425686941faa9de152203d89289, https://www.notion.so/Restore-The-Array-LeetCode-15424e4675cc485da0ae7080f42dc76b, https://www.notion.so/Last-Stone-Weight-III-Leetcode-discuss-e8024262bedf426e9a2866534b7fcf51, https://www.notion.so/Number-of-triplets-816e85dbd89f4cefbe1db7a3ac2335f2, https://www.notion.so/Coin-Change-Number-of-ways-063bc03f10324e5fba2f4c9e1144c2bc, https://www.notion.so/knapsack-8877369708774d8d81609402bd42b40e, https://www.notion.so/Find-k-missing-integers-from-1-to-n-11c054f3f43f4429b0e132285fe77a34, https://www.notion.so/F-Range-Xor-Query-7ba5a59b73bc4af58fc5ad4524a6b816, https://www.notion.so/Stone-Game-8b46a54c655949bcaed13e32b6354ecb, https://www.notion.so/3-different-types-of-tickets-612672ca466543ddba75e8c0271a1aa1, https://www.notion.so/Minimum-Cost-to-connect-ropes-d436f6e169bf4ce9aa3f569e61c0548a, https://www.notion.so/Minimum-incompatibility-549122153c1446bb8c716b42b236ad30, https://www.notion.so/Toy-Blocks-b9295d5e73a54b68bfea14b17488b44d, https://www.notion.so/Longest-Substring-with-Character-Count-of-at-Least-K-f01876a9da044743935c5aaf850ceabe, https://www.notion.so/Knapsack-5870d79ca5694fb69df297e7c262fbc5, https://www.notion.so/Adjacent-Differences-5578e1ba718346f1953387b74c1965e0, https://www.notion.so/Number-of-Longest-Increasing-Subsequence-81fe059ba2114e2f91905debdb12695e, https://www.notion.so/Minimum-Operations-to-Reduce-X-to-Zero-1f856f0c2b28425d811cb54429d44646, https://www.notion.so/Max-multiplied-Pairings-3ae4916fff7f4ba89c18598721b75e60, https://www.notion.so/CPU-Scheduling-234191feee1f4dc481c3dc2f4dc07b58, https://www.notion.so/Water-Heater-40751131fb354f58a6214460ed5e3073, https://www.notion.so/Ways-to-make-a-Fair-array-fbab70bd7a8b48cca6323b6a5ec85184, https://www.notion.so/Next-Permutation-f72d658cad3e4c02bcd5e732650ec0c7, https://www.notion.so/k-Amazing-Numbers-f17df0e0f531481ab4dc94a258a100c6, https://www.notion.so/K-Distinct-Groups-ef4fd192dbfd4b1cbdc9bcdb40a1a180, https://www.notion.so/Asteroid-Collision-e93c0cb4208e4ee685c29ffbb7ae2670, https://www.notion.so/Largest-Number-e7f915f6879a4255b640df9c963f6793, https://www.notion.so/Shortest-Common-Supersequence-e721e55f47bf4b33ac69ab8217f81469, https://www.notion.so/Median-of-two-sorted-arrays-3259b9544b304ad08e24650306e1b8b0, https://www.notion.so/Increasing-Subsequences-of-Size-k-a7cc2a791b6e4b538d0f9abeec9424e2, https://www.notion.so/GCD-on-Blackboard-9c16c2c9bd544c4ea2528d2547de44f3, https://www.notion.so/Wandering-9b65ddd2118d4c0689ad2bb5a05e9508, https://www.notion.so/Maximize-Distance-to-Closest-Person-003def1da03b485a9e6b4a73f1c6cd3c, https://www.notion.so/Bunnyhopping-1e70b715e7174a08aad3df9a9f2dd232, https://www.notion.so/Non-Overlapping-Pairs-of-Sublists-2c618bc93dbb4cb99055bfb36a4b294f, https://www.notion.so/Find-All-Duplicates-in-an-Array-3cd31385bc01411e850da4e4e45388ca, https://www.notion.so/Jump-Game-04428277492840a7947a1daa2ce5707d, https://www.notion.so/Allocate-Mailboxes-0e23903f8aed46e28d7605cfc13989dc, https://www.notion.so/Hop-Cost-330f7410223c4a57bb205dc9a64d1c2b, https://www.notion.so/Maximum-Product-Subarray-41cce226138f48dd8eec60b3a0b9b198, https://www.notion.so/Best-Team-with-no-Conflicts-8056bb7a25964b60a8cdf28eab659295, https://www.notion.so/K-Maximum-Non-overlapping-Sums-8ac932300c184836b9ea922645aa6131, https://www.notion.so/Suffix-problem-930a503f2bc74f44994c0127df44122a, https://www.notion.so/Set-Matrix-Zeroes-a2d8df68488a475abea93e911d611e63, https://www.notion.so/Product-of-Array-Except-Self-5167c1c0790e4f32aa7669d78607efde, https://www.notion.so/Trapping-Rain-Water-0be342871bde41e39519ca7ecf0096b4, https://www.notion.so/Rotate-Image-090a727b28764a509ba0742104418516, https://www.notion.so/3Sum-23c71ebbe54f4640a5ee9feecf33c6c9, https://www.notion.so/Towers-Without-a-Valley-2a2bd1d52aed4ea5a2cf9c5b7180418a, https://www.notion.so/Search-in-Rotated-Sorted-Array-LeetCode-0bed7dc9a1254314b11860e11bb53dfe, https://www.notion.so/Compressed-Vector-Product-binarysearch-dc47d4f7399148a59cc1627115f24af8, https://www.notion.so/Search-a-2D-Matrix-III-673cea2716dd429c95d6e0ba189531e0, https://www.notion.so/Remove-Interval-Overlaps-binarysearch-41f76b1430c94254b13badf18ea8da0b, https://www.notion.so/Swapping-Nodes-in-a-Linked-List-Leetcode-0dbcdf4b3a794d7089a09b65cbc73db1, https://www.notion.so/Reverse-Linked-List-iteration-and-recursion-aa86e1c2f37a45e8b4adfc2f61b9b0ce, https://www.notion.so/Probability-that-the-second-best-is-the-runner-up-8ede906c00604cbd9673acc0f00ef9fd, https://www.notion.so/Remove-Covered-Intervals-a388870831c84e73893ee6f9e49dd771, https://www.notion.so/Monotone-Increasing-Digits-LeetCode-72e0b759ccfe49018e9d5bfb5b567eb1, https://www.notion.so/C-Nezzar-and-Symmetric-Array-4baed17758ba46369f0644d917bb2715, https://www.notion.so/Minimum-Degree-of-a-Connected-Trio-in-a-Graph-LeetCode-d9cfa6a768ec476b801bb6a8b50be343, https://www.notion.so/Kth-User-to-Visit-Website-binarysearch-25891b7eb2e3464eacbec88194b6c7c1, https://www.notion.so/Last-Stone-Weight-II-LeetCode-c7e08fc2faa643f08c38f081dfc1839e, https://www.notion.so/Minimum-Tree-From-Leaves-1ec8241682ba4939adeda57f71eb5807, https://www.notion.so/Stone-Game-II-b5e49ab3f72742868ea991b0bb5918e2, https://www.notion.so/Rotating-the-Box-LeetCode-0b0cfd89bf66485ca71707f39eb9d48c",,active,
Sliding Window,,17,"Mar 06, 2021 7:59 AM","Apr 29, 2021 8:03 AM",../Greedy%20ea1f204b1d0b40e89fdb87f6dc8055d3.md,"https://www.notion.so/Subarray-Product-Less-Than-K-fda07e7e28a24e6299d18e5679a4b3bb, https://www.notion.so/Longest-Subarray-with-Ones-after-Replacement-hard-40338106ed58470a9cda65b842731927, https://www.notion.so/Longest-Substring-with-At-Most-K-Distinct-Characters-LeetCode-b2e88b2ada0c4d10a45d7afaa357520b, https://www.notion.so/Longest-Substring-Without-Repeating-Characters-b56bcd92fb3942bbb39dfb3298340480, https://www.notion.so/Longest-Substring-with-Same-Letters-after-Replacement-0094a2a5bc664ac98da0d5d185b52937, https://www.notion.so/Words-Concatenation-f9c9cf4caf7d47dfae3e781f7e144fe5, https://www.notion.so/Smallest-Window-Containing-Substring-bc17e6a968d9470caa8c15e6c58d9c93, https://www.notion.so/Permutation-in-a-String-664d2d40c4624944a7ffc12a2a4dffd3, https://www.notion.so/Minimum-Adjacent-Swaps-for-K-Consecutive-Ones-LeetCode-13df42e6e5484eab82e450bf991640a6, https://www.notion.so/Sliding-Window-Median-LeetCode-a9fc83c1f2cd4872be46387f8fe94d76, https://www.notion.so/Sum-of-Beauty-of-All-Substrings-LeetCode-b97e74eb46bb4c27af49816d385ba850, https://www.notion.so/Sliding-Window-Maximum-Leetcode-17cc876f78684069b61694b83bcdf23b, https://www.notion.so/Window-Limits-binarysearch-7aaab4c765c445daa583f1fb130ee8ab, https://www.notion.so/Frequency-of-the-Most-Frequent-Element-LeetCode-aed9c865c06d4b72901753c0c0a4c0fb, https://www.notion.so/Minimum-Window-Substring-c1b8636410194f0bbd3e8972c2bd0956, https://www.notion.so/Smallest-Subarray-with-a-given-sum-1e9e7de5027c4dc98ad2649335892091, https://www.notion.so/Minimum-Size-Subarray-Sum-LeetCode-f954eb48eb7043c2bb8e3d4455dcda6c",,active,
Algorithms,,1,"Mar 06, 2021 4:48 PM","Mar 06, 2021 4:48 PM",,https://www.notion.so/Number-of-Restricted-Paths-From-First-to-Last-Node-Leetcode-d7bde5de2de44145a16878a821a2e2c4,,,
Backtracking,,11,"Mar 07, 2021 9:21 AM","May 23, 2021 8:57 AM",,"https://www.notion.so/Print-Derangements-c51172033f2f4ba0a8b51955274eebc4, https://www.notion.so/Number-of-ways-to-pick-first-or-last-93fabf37ee0f4aa6b521b71862da6f35, https://www.notion.so/Subsets-LeetCode-d36cff854e0c4b7c8313352e2c614392, https://www.notion.so/Permutations-LeetCode-4d488cfcee04438a872631a4229a572a, https://www.notion.so/Partition-to-K-Equal-Sum-Subsets-LeetCode-f1e6163973d84db0ab313cb3d53f8f1d, https://www.notion.so/Minimum-incompatibility-549122153c1446bb8c716b42b236ad30, https://www.notion.so/Path-with-Maximum-gold-f7c30ab252ee481d84aec8580cd1e660, https://www.notion.so/Job-Assignment-Problem-Find-minimum-time-to-finish-all-jobs-cbfdb43e74cd4ad0b260de8b79c25e2e, https://www.notion.so/Word-Search-III-28f3cdb3e6b34189beb8ee5784b33ecd, https://www.notion.so/N-Queens-LeetCode-47c0d227d1514686bf7b0d1d0bda20ef, https://www.notion.so/Can-I-Win-LeetCode-f6a61ea280bd4484ba681b0d8e082a3c",,active,
Geometry,,1,"Mar 09, 2021 9:23 AM","Mar 09, 2021 9:23 AM",,https://www.notion.so/Minimum-Area-Rectangle-72944320645e4430a70c0d0baae10b21,,,
Dp,"../Cumulative%2073b8950eb0ab42228e72265c36aec690.md, ../Linear%20DP%2040f64e6224704d17972aa352dc735edb.md, ../Path%20optimisation%20DP%2037b864bf80ae49b5a816bba2ee7162c2.md, ../Interval%20DP%20cff61273a8fb427c9ca9dab9d9379d8e.md, ../String%20DP%2026d725b243d4480b873dcd998df9a153.md",90,"Mar 21, 2021 7:02 AM","May 19, 2021 9:35 AM",,"https://www.notion.so/Jump-Game-04428277492840a7947a1daa2ce5707d, https://www.notion.so/Number-of-Dice-Rolls-With-Target-Sum-LeetCode-8f3ced67f8864672aaa9abb2eb67aeae, https://www.notion.so/Number-of-Monotonically-Increasing-Lists-binarysearch-a22005041870477287e30e5d01266bcc, https://www.notion.so/Print-changes-in-minimum-file-diff-b6bb75c4a8754546aff6b5ce0b0be7a6, https://www.notion.so/Maximize-Palindrome-Length-From-Subsequences-LeetCode-e4fb3cb056ab49018bf23c7e0d34f794, https://www.notion.so/Palindrome-Partitioning-IV-LeetCode-b8de0e57e2af46fcae1f99efe9391ce3, https://www.notion.so/Binary-Tree-Cameras-LeetCode-07a9aae5756d420b9496dd3a229793a1, https://www.notion.so/Min-operations-to-reduce-number-to-1-Leetcode-Discuss-885af131594a444db971bda57517f991, https://www.notion.so/Minimum-Number-of-Taps-to-Open-to-Water-a-Garden-LeetCode-a34578fbb4b44e1f918a492706c8b7a6, https://www.notion.so/Word-Break-LeetCode-13eabc8ba4a94bfcb355a52ccf358110, https://www.notion.so/Perfect-Squares-binarysearch-c6f74fc6da5b458ebee48bedd9d6ddb9, https://www.notion.so/No-two-animals-are-adjacent-Ways-d175c53c058b4bcca946993015cbe6d0, https://www.notion.so/Regular-Expression-Matching-22d36fbb9cd4416e9f686b41126dbda3, https://www.notion.so/Minimum-Tree-From-Leaves-1ec8241682ba4939adeda57f71eb5807, https://www.notion.so/Valid-payments-fdedc3c67a27495cb23eb058e1277e06, https://www.notion.so/Traveling-Salesman-among-Aerial-Cities-fbf0885cbacf4137869431ce071d748a, https://www.notion.so/Longest-Palindromic-Substring-cef8f9009e494f3ca36ff868a7414ef8, https://www.notion.so/Caesar-s-Legions-bd24d7da72b449579f638e770e75462c, https://www.notion.so/Edit-Distance-bb2cc3d7b4004926a35f4bc0a2b95c53, https://www.notion.so/Freedom-Trail-LeetCode-f406674507e949e9949435dad481b042, https://www.notion.so/Maximum-diameter-caad173709f34220aa46f74138428457, https://www.notion.so/Catching-Cheaters-8bec7a78a917462390884dae8dd04d5b, https://www.notion.so/Number-of-ways-to-form-a-Target-String-Given-a-Dictionary-7910b4c89aea4e4d9df6928fcffa32fd, https://www.notion.so/Coin-Change-Minimum-coins-752ae3763fb44a87b4cf27d7ec89e054, https://www.notion.so/Wildcard-Matching-5c80cf5309e34c1fac357b8241ec11b0, https://www.notion.so/Longest-Increasing-Subsequence-3cbb4d81cd434847ad5b568bd5304b5e, https://www.notion.so/One-step-back-two-step-forward-reach-end-of-array-870a6e3dafb944b585bfbb24802d89d9, https://www.notion.so/Maximum-Number-of-Events-That-Can-Be-Attended-II-LeetCode-69b09dcf512f4ee7b7325cc193d62b49, https://www.notion.so/Number-of-ways-to-form-n-bit-string-e38d79403b6644669adac5e06b3561d4, https://www.notion.so/Stone-Game-II-b5e49ab3f72742868ea991b0bb5918e2, https://www.notion.so/Maximum-Height-by-Stacking-Cuboids-d04881ce384645b9ba6b0232f94d8575, https://www.notion.so/Number-of-distinct-subsequences-f09e81805c3a47eeb8364ae007b387ec, https://www.notion.so/Maximum-Profit-in-Job-Scheduling-Leetcode-8f8bde64601f44dd9aa525b851bb9c1a, https://www.notion.so/Convert-all-0-1-s-a0a0f03085d04bb48782eb9e8b672cec, https://www.notion.so/Last-Stone-Weight-II-LeetCode-c7e08fc2faa643f08c38f081dfc1839e, https://www.notion.so/Decode-Ways-LeetCode-62637e7bf9e94d8da4dc17606744d6d2, https://www.notion.so/Count-Sorted-Vowel-Strings-LeetCode-91aaa341ac2744a1ac833b68ec62168f, https://www.notion.so/Longest-Palindromic-Subsequence-LeetCode-838ed8dbb40f497b8c179fc8129fb4e2, https://www.notion.so/House-Robber-II-8783f63225ff417fabcde62dafb75cf5, https://www.notion.so/Longest-Common-Subsequence-LeetCode-cc8345d83aa849a2aecabcf273efd124, https://www.notion.so/Interleaving-String-7ec178921bdd44c6808ee83ed302738c, https://www.notion.so/LCS-Longest-Common-Subsequence-of-three-strings-GeeksforGeeks-cbd7da601f8943c4baaa4e12e0f6df28, https://www.notion.so/Longest-common-substring-Maximum-Length-of-Repeated-Subarray-LeetCode-c1aae1f739db40e590778763ca8d5d78, https://www.notion.so/E-Sequence-Matching-5927c11dea5c47149e8870992aa6a27d, https://www.notion.so/Minimum-changes-in-file-diff-f058800a847d4e80898d6fb4591be5b9, https://www.notion.so/Maximum-Score-from-Performing-Multiplication-Operations-Leetcode-0e4f2e83315945d684352e236103a3e4, https://www.notion.so/Maximize-Rook-Square-Values-c2f11d337c194a14b0a1448ddc4c887d, https://www.notion.so/Queen-on-the-Grid-4bfe590e199245928804093f4c10fd8e, https://www.notion.so/Largest-Submatrix-With-Rearrangements-LeetCode-533a14be49a74598be0877ba4a886fbb, https://www.notion.so/Swiggy-Mascot-Travel-95ff829855de46f7b4f8ca1d1501620c, https://www.notion.so/Maximal-Square-f8080ea4a1e84c56a94bf203b5fea35c, https://www.notion.so/Longest-Increasing-Path-77ddff3a66da4f45b07037cecd2ae9fc, https://www.notion.so/Maximum-sum-path-in-a-matrix-from-top-left-to-bottom-right-GeeksforGeeks-869852d3438e49cbb72b623274579c30, https://www.notion.so/B-The-least-round-way-9889b0d9a536439cab8ba6814793987d, https://www.notion.so/Food-delivery-to-tech-park-9a4169968d2d4e1bb1e2badb2f1d70cb, https://www.notion.so/Cherry-Pickup-LeetCode-a73c725479264cd2a914d52d1a898d4b, https://www.notion.so/Partition-Equal-Subset-Sum-LeetCode-aa55f5d335ef4de0a00a08fae49283b9, https://www.notion.so/K-Maximum-Non-overlapping-Sums-8ac932300c184836b9ea922645aa6131, https://www.notion.so/Burst-Balloons-LeetCode-753bae99c5404e4db8340b8b797a8388, https://www.notion.so/Minimum-Operations-to-Make-a-Subsequence-Leetcode-01e610d2b8a54dc6bfb4b35b31ff2669, https://www.notion.so/Minimum-Score-Triangulation-of-Polygon-LeetCode-ff150264f0874b5da3557c4fd95040f6, https://www.notion.so/Number-of-subsets-with-zero-sum-GeeksforGeeks-a616e3d18e7a404996104d016030d541, https://www.notion.so/Maximum-number-of-trailing-zeros-in-the-product-of-the-subsets-of-size-k-Geeksforgeeks-a5aacb4515814d8d81b1f5782bb2501d, https://www.notion.so/A-Maniacal-Walk-835aec1e2a06425fa6107c17561866e7, https://www.notion.so/Best-Time-to-Buy-and-Sell-Stock-IV-LeetCode-8a416bd63f4944f381a0cbb18c8420fe, https://www.notion.so/Light-up-the-garden-6480003120e14d9a9399643caded50fe, https://www.notion.so/Swapping-Game-bbf2f6cbf8814c409d6cab65bcda682e, https://www.notion.so/Minimum-Cost-to-Cut-a-Stick-LeetCode-a73267fcc25a4105910a7903070a31bf, https://www.notion.so/Restore-The-Array-LeetCode-15424e4675cc485da0ae7080f42dc76b, https://www.notion.so/knapsack-8877369708774d8d81609402bd42b40e, https://www.notion.so/Stone-Game-8b46a54c655949bcaed13e32b6354ecb, https://www.notion.so/3-different-types-of-tickets-612672ca466543ddba75e8c0271a1aa1, https://www.notion.so/Number-of-Longest-Increasing-Subsequence-81fe059ba2114e2f91905debdb12695e, https://www.notion.so/Shortest-Common-Supersequence-e721e55f47bf4b33ac69ab8217f81469, https://www.notion.so/Increasing-Subsequences-of-Size-k-a7cc2a791b6e4b538d0f9abeec9424e2, https://www.notion.so/Allocate-Mailboxes-0e23903f8aed46e28d7605cfc13989dc, https://www.notion.so/Bunnyhopping-1e70b715e7174a08aad3df9a9f2dd232, https://www.notion.so/Non-Overlapping-Pairs-of-Sublists-2c618bc93dbb4cb99055bfb36a4b294f, https://www.notion.so/Hop-Cost-330f7410223c4a57bb205dc9a64d1c2b, https://www.notion.so/Best-Team-with-no-Conflicts-8056bb7a25964b60a8cdf28eab659295, https://www.notion.so/Best-Time-to-Buy-and-Sell-Stock-III-LeetCode-230716c92c4842daad44aae398d9bc9f, https://www.notion.so/Best-Sum-Any-tree-path-d015748179eb47e08cacf44f637810e4, https://www.notion.so/Lexicographical-Numbers-LeetCode-5199ab31a1cb456aa592e5d7cb8549e3, https://www.notion.so/Expected-number-of-throws-to-get-56-e10cd60f324c4ca0a67e0ec0868f86de, https://www.notion.so/Maximum-Subarray-Sum-with-One-Deletion-Leetcode-1a3633d4ba0840c19fa528b47249404a, https://www.notion.so/Drop-a-Ball-Down-the-Stairs-binarysearch-29889dc0b63247fc9c8e54d426cc7816, https://www.notion.so/Longest-Sequence-of-words-78fb6e982b6e45818ac530763118e456, https://www.notion.so/Count-Derangements-2a4ca13939834171b0c04ea3705ad323, https://www.notion.so/D-Game-in-Momotetsu-World-6c9e09ece6f3437584505f8e9819a57c, https://www.notion.so/Jump-Game-VII-LeetCode-d3385f7fc7124b87aa49f2ee05a8cc8d",,active,
Path optimisation DP,,,"Mar 21, 2021 7:20 AM","Mar 21, 2021 7:20 AM",../Dp%2071e29475df134130a63445f5437e90ee.md,,,,
Linear DP,,15,"Mar 21, 2021 7:20 AM","Mar 21, 2021 7:20 AM",../Dp%2071e29475df134130a63445f5437e90ee.md,"https://www.notion.so/Perfect-Squares-binarysearch-c6f74fc6da5b458ebee48bedd9d6ddb9, https://www.notion.so/Light-up-the-garden-6480003120e14d9a9399643caded50fe, https://www.notion.so/Partition-Equal-Subset-Sum-LeetCode-aa55f5d335ef4de0a00a08fae49283b9, https://www.notion.so/No-two-animals-are-adjacent-Ways-d175c53c058b4bcca946993015cbe6d0, https://www.notion.so/A-Maniacal-Walk-835aec1e2a06425fa6107c17561866e7, https://www.notion.so/Minimum-Number-of-Taps-to-Open-to-Water-a-Garden-LeetCode-a34578fbb4b44e1f918a492706c8b7a6, https://www.notion.so/Count-Sorted-Vowel-Strings-LeetCode-91aaa341ac2744a1ac833b68ec62168f, https://www.notion.so/Decode-Ways-LeetCode-62637e7bf9e94d8da4dc17606744d6d2, https://www.notion.so/Word-Break-LeetCode-13eabc8ba4a94bfcb355a52ccf358110, https://www.notion.so/Maximum-sum-path-in-a-matrix-from-top-left-to-bottom-right-GeeksforGeeks-869852d3438e49cbb72b623274579c30, https://www.notion.so/Number-of-ways-to-form-n-bit-string-e38d79403b6644669adac5e06b3561d4, https://www.notion.so/Count-Derangements-2a4ca13939834171b0c04ea3705ad323, https://www.notion.so/Min-operations-to-reduce-number-to-1-Leetcode-Discuss-885af131594a444db971bda57517f991, https://www.notion.so/Longest-Increasing-Path-77ddff3a66da4f45b07037cecd2ae9fc, https://www.notion.so/Maximum-Height-by-Stacking-Cuboids-d04881ce384645b9ba6b0232f94d8575",,,
Interval DP,,,"Mar 21, 2021 7:21 AM","Mar 21, 2021 7:21 AM",../Dp%2071e29475df134130a63445f5437e90ee.md,,,,
Cumulative,,20,"Mar 21, 2021 7:25 AM","Mar 21, 2021 7:25 AM",../Dp%2071e29475df134130a63445f5437e90ee.md,"https://www.notion.so/Minimum-Number-of-Operations-to-Move-All-Balls-to-Each-Box-LeetCode-2c6c54a495f24de28d60f9f42bf25759, https://www.notion.so/Product-of-Array-Except-Self-5167c1c0790e4f32aa7669d78607efde, https://www.notion.so/Wandering-9b65ddd2118d4c0689ad2bb5a05e9508, https://www.notion.so/GCD-on-Blackboard-9c16c2c9bd544c4ea2528d2547de44f3, https://www.notion.so/Ways-to-make-a-Fair-array-fbab70bd7a8b48cca6323b6a5ec85184, https://www.notion.so/Water-Heater-40751131fb354f58a6214460ed5e3073, https://www.notion.so/Minimum-Operations-to-Reduce-X-to-Zero-1f856f0c2b28425d811cb54429d44646, https://www.notion.so/Best-Time-to-Buy-and-Sell-Stock-III-LeetCode-230716c92c4842daad44aae398d9bc9f, https://www.notion.so/Maximize-Rook-Square-Values-c2f11d337c194a14b0a1448ddc4c887d, https://www.notion.so/Largest-Submatrix-With-Rearrangements-LeetCode-533a14be49a74598be0877ba4a886fbb, https://www.notion.so/Queen-on-the-Grid-4bfe590e199245928804093f4c10fd8e, https://www.notion.so/Maximum-Swap-Leetcode-519a1d0ffeb14573b194171990293ad6, https://www.notion.so/Find-the-maximum-number-of-overlaps-in-intervals-490d09489f6046c58c9e7b41373c74ca, https://www.notion.so/Minimum-Price-53b2a0b3c8364e5e9a1a6e6c03483f8b, https://www.notion.so/Random-Pick-with-Weight-e07c09d5d56e445a8e7052cdb4ab9ba1, https://www.notion.so/Largest-One-Submatrix-with-Column-Swaps-binarysearch-5e7965432f094672bf82ec385ade3689, https://www.notion.so/Maximum-Subarray-Sum-with-One-Deletion-Leetcode-1a3633d4ba0840c19fa528b47249404a, https://www.notion.so/Kick_Start-Kick-Start-4114c61ac21b44629a4b066f6605968e, https://www.notion.so/Weighted-Merge-Interval-binarysearch-2958cf1304024d61a6347c3b6d716c29, https://www.notion.so/Interval-Painting-binarysearch-bdbf610ee6504aae877b94235fb07b69",,active,
String DP,,,"Mar 21, 2021 7:30 AM","Mar 21, 2021 7:30 AM",../Dp%2071e29475df134130a63445f5437e90ee.md,,,,
Expanding the Horizon,,1,"Mar 25, 2021 8:26 AM","Mar 25, 2021 8:26 AM",,https://www.notion.so/Maximum-Number-of-Consecutive-Values-You-Can-Make-LeetCode-88ee6e8d0878479994c00ab9e01f0cee,,,
Calculus,,1,"Mar 28, 2021 8:28 AM","Mar 28, 2021 8:28 AM",,https://www.notion.so/Maximize-Number-of-Nice-Divisors-LeetCode-0e1d00c309394f948d8b7e10999fdec3,,,
Construction,,3,"Mar 30, 2021 8:34 AM","Mar 30, 2021 8:34 AM",,"https://www.notion.so/Reversort-Engineering-Code-Jam-0a508f4eafd74c0d95e535ed829eb1e6, https://www.notion.so/C2-k-LCM-hard-version-5000c3ff45964efaaf2feaa82990d6e4, https://www.notion.so/Minimum-Number-of-Swaps-to-Make-the-Binary-String-Alternating-LeetCode-369ecf8aa25a48ceace4f9b57e8b3766",,,
Binary Search,,13,"Mar 31, 2021 8:58 AM","Mar 31, 2021 9:05 AM",../Greedy%20ea1f204b1d0b40e89fdb87f6dc8055d3.md,"https://www.notion.so/Point-Distances-with-Shared-Coordinate-binarysearch-831a79d22f6e4af687f4650641db9c57, https://www.notion.so/Search-in-Rotated-Sorted-Array-LeetCode-0bed7dc9a1254314b11860e11bb53dfe, https://www.notion.so/Cut-Ribbons-of-Same-Length-8b3810d1b96f4507b234af6ef5badc19, https://www.notion.so/Minimum-Limit-of-Balls-in-a-Bag-LeetCode-e615ed0483484fbab54453cf52dd41ee, https://www.notion.so/H-Index-II-LeetCode-438da1823db64e88a563fd1d08875b18, https://www.notion.so/D-Cleaning-the-phone-014fdd92baa1420c8b2f579f164277f8, https://www.notion.so/Maximum-Profit-in-Job-Scheduling-Leetcode-8f8bde64601f44dd9aa525b851bb9c1a, https://www.notion.so/Find-First-and-Last-Position-of-Element-in-Sorted-Array-LeetCode-fb1aa2b4bee8453a80d0f1e332a21109, https://www.notion.so/Search-a-2D-Matrix-II-ba94d1c9e77f4a1cae811ede2d124828, https://www.notion.so/Sell-Diminishing-Valued-Colored-Balls-2e685c02a8474d8199cc6cc2f755fec8, https://www.notion.so/Search-a-2D-Matrix-77cdaa4be67d4ada94d24ee3cf9be8bd, https://www.notion.so/Jumps-07f2d88a64534da09c39a310743d8b21, https://www.notion.so/Maximum-Value-at-a-Given-Index-in-a-Bounded-Array-LeetCode-f325e3fa162d496183236fba1ffd5090",,,
Connected Components,,2,"Apr 02, 2021 8:53 AM","Apr 02, 2021 8:53 AM",../Graphs%20429761a7bf524bd984bacb37409f2858.md,"https://www.notion.so/Most-Stones-Removed-with-Same-Row-or-Column-LeetCode-6e6f40894c714505a60ebc3b6cbefc55, https://www.notion.so/Merge-Intervals-18f370c562fe485682f9a158977a55c8",,,
Graphs,"../Connected%20Components%207c547d2bc06f432eb3879d2831bfedcb.md, ../Union%20Find%20cedb0985a13849fd91014bde5731e6ec.md",5,"Apr 06, 2021 8:25 AM","Apr 06, 2021 8:25 AM",,"https://www.notion.so/Course-Schedule-f7a48406caaa46fd974bfcad7a42dea0, https://www.notion.so/Find-Celebrity-b4c9faf7adc64eba80839d5bb5fb2ca7, https://www.notion.so/Number-of-Restricted-Paths-From-First-to-Last-Node-Leetcode-d7bde5de2de44145a16878a821a2e2c4, https://www.notion.so/B-Special-Subsets-3cd8aeea5d3a468188049a04bf68e1fb, https://www.notion.so/Most-Stones-Removed-with-Same-Row-or-Column-LeetCode-6e6f40894c714505a60ebc3b6cbefc55",,,
Union Find,,2,"Apr 06, 2021 8:25 AM","Apr 06, 2021 8:25 AM",../Graphs%20429761a7bf524bd984bacb37409f2858.md,"https://www.notion.so/Checking-Existence-of-Edge-Length-Limited-Paths-LeetCode-1bd121aa57f543a28539575ab10b8e34, https://www.notion.so/Interpretation-c1e1e6bc24354b3685eac5520b219b3a",,,
DFS,,15,"Apr 06, 2021 8:26 AM","Apr 06, 2021 8:26 AM",,"https://www.notion.so/Time-Needed-to-Inform-All-Employees-LeetCode-d04d43955a2840bf93408c23c3df0fb4, https://www.notion.so/Best-Sum-Any-tree-path-d015748179eb47e08cacf44f637810e4, https://www.notion.so/Stepping-Numbers-GeeksforGeeks-55ff57ad440546f2922abbc43bf4d64a, https://www.notion.so/Word-Search-cf164f2e5a734d9a8134eae2d127b04c, https://www.notion.so/Minimize-Hamming-Distance-After-Swap-Operations-LeetCode-f1c01b2b2e6e4d6ca4fa5a7acc290a3e, https://www.notion.so/Lexicographical-Numbers-LeetCode-5199ab31a1cb456aa592e5d7cb8549e3, https://www.notion.so/Non-zero-currency-cycle-46a19a2152584871b9ab9256d4637bc1, https://www.notion.so/Longest-Increasing-Path-in-a-Matrix-dbc721d4168e47a4931ac9d4717019f5, https://www.notion.so/Bandit-in-a-City-829edb02fa5041de8c9efebef5e66981, https://www.notion.so/Surrounded-Regions-LeetCode-eb750db38a43463ab88a2e45c6142c1b, https://www.notion.so/Course-Schedule-f7a48406caaa46fd974bfcad7a42dea0, https://www.notion.so/Walled-Off-ed9af9078ab44612b2764cd8238a6b27, https://www.notion.so/Distinct-Islands-e1cc1f2e3bf941d986469b3c0c62453f, https://www.notion.so/B-Special-Subsets-3cd8aeea5d3a468188049a04bf68e1fb, https://www.notion.so/Most-Stones-Removed-with-Same-Row-or-Column-LeetCode-6e6f40894c714505a60ebc3b6cbefc55",,archive,
Interval Overlaps,,2,"Apr 06, 2021 8:37 AM","Apr 06, 2021 8:37 AM",../Intervals%20ebd124f2083d4f999c01b25e664d9e01.md,"https://www.notion.so/Weighted-Merge-Interval-binarysearch-2958cf1304024d61a6347c3b6d716c29, https://www.notion.so/Interval-Painting-binarysearch-bdbf610ee6504aae877b94235fb07b69",,,
Number Theory,,33,"Apr 08, 2021 8:11 AM","Apr 08, 2021 8:16 AM",,"https://www.notion.so/Four-Divisors-LeetCode-9a84bb19d7884278a4c1d4922dcf9af3, https://www.notion.so/Count-Sorted-Vowel-Strings-LeetCode-91aaa341ac2744a1ac833b68ec62168f, https://www.notion.so/Get-the-nth-string-in-the-sequence-a6ad8a3219a9434da355c405323fb7de, https://www.notion.so/A-A-B-C-03cc3607758242e4946a91053fbac1c4, https://www.notion.so/B-A-B-C-ae1b48c371bf4bb1b7384459187ffb0f, https://www.notion.so/Split-Digits-to-Sum-Closest-To-Target-binarysearch-b5dec9a270aa4c9cbde64252e30522bc, https://www.notion.so/E-Throne-1650e39b1f854c09a89bb8285e4c3d98, https://www.notion.so/Remove-K-Digits-LeetCode-d9636684c1a749f08543542303c03063, https://www.notion.so/Next-Permutation-From-Pool-binarysearch-5971d5d5accb4919aba27dc60b583710, https://www.notion.so/Count-Ways-to-Make-Array-With-Product-LeetCode-1fd856712af641bcbb603dd10f5e1937, https://www.notion.so/Stepping-Numbers-GeeksforGeeks-55ff57ad440546f2922abbc43bf4d64a, https://www.notion.so/Perfect-Squares-binarysearch-c6f74fc6da5b458ebee48bedd9d6ddb9, https://www.notion.so/No-two-animals-are-adjacent-Ways-d175c53c058b4bcca946993015cbe6d0, https://www.notion.so/Min-operations-to-reduce-number-to-1-Leetcode-Discuss-885af131594a444db971bda57517f991, https://www.notion.so/Sieve-of-Eratosthenes-GeeksforGeeks-c4fa828f26d748bd8af24fde1bdcfb42, https://www.notion.so/Create-Maximum-Number-Leetcode-312dbb308b294d968310c3b50f84ebe2, https://www.notion.so/Maximum-Swap-Leetcode-519a1d0ffeb14573b194171990293ad6, https://www.notion.so/Sum-of-Subarray-Minimums-Leetcode-0486d890393a4799985f416e77a0d18d, https://www.notion.so/Next-Greater-Node-in-Linked-List-a71002a860ef4eceba86978dd6b0a5ae, https://www.notion.so/Find-the-Most-Competitive-Subsequence-Leetcode-61f1994174a84126854d541b91b58202, https://www.notion.so/Longest-Valid-Parenthesis-c985403dd60a4b48bf694a2e13027aae, https://www.notion.so/Largest-Rectangle-in-Histogram-LeetCode-93ff89988f3b41a4a3f8ac6b07eced18, https://www.notion.so/Light-up-the-garden-6480003120e14d9a9399643caded50fe, https://www.notion.so/Partition-Equal-Subset-Sum-LeetCode-aa55f5d335ef4de0a00a08fae49283b9, https://www.notion.so/A-Maniacal-Walk-835aec1e2a06425fa6107c17561866e7, https://www.notion.so/Minimum-Number-of-Taps-to-Open-to-Water-a-Garden-LeetCode-a34578fbb4b44e1f918a492706c8b7a6, https://www.notion.so/Decode-Ways-LeetCode-62637e7bf9e94d8da4dc17606744d6d2, https://www.notion.so/Number-of-ways-to-form-n-bit-string-e38d79403b6644669adac5e06b3561d4, https://www.notion.so/Word-Break-LeetCode-13eabc8ba4a94bfcb355a52ccf358110, https://www.notion.so/Maximum-sum-path-in-a-matrix-from-top-left-to-bottom-right-GeeksforGeeks-869852d3438e49cbb72b623274579c30, https://www.notion.so/Count-Derangements-2a4ca13939834171b0c04ea3705ad323, https://www.notion.so/Longest-Increasing-Path-77ddff3a66da4f45b07037cecd2ae9fc, https://www.notion.so/Maximum-Height-by-Stacking-Cuboids-d04881ce384645b9ba6b0232f94d8575",https://www.remnote.io/a/number-theory/606fbfe95444e90034f84e99,active,
Permutations & Combinations,,1,"Apr 29, 2021 8:28 AM","Apr 29, 2021 8:28 AM",,https://www.notion.so/B-ARC-Wrecker-00f6c65c4f694f86acdc470123222936,,,
String,../String%20Sort%208b1d83e8165540abbba208eb208ec5a0.md,18,"May 01, 2021 9:17 AM","May 01, 2021 9:18 AM",,"https://www.notion.so/KMP-Algorithm-034658dc29164059ab42e80cf1101b0d, https://www.notion.so/Interleaving-String-7ec178921bdd44c6808ee83ed302738c, https://www.notion.so/Print-changes-in-minimum-file-diff-b6bb75c4a8754546aff6b5ce0b0be7a6, https://www.notion.so/Minimum-changes-in-file-diff-f058800a847d4e80898d6fb4591be5b9, https://www.notion.so/Largest-Merge-Of-Two-Strings-LeetCode-03c3d68e8a164c97baecb55885cceb68, https://www.notion.so/Minimum-Length-of-String-After-Deleting-Similar-Ends-LeetCode-b614be25da394ff6b9bf68bc7a3a4586, https://www.notion.so/Is-Subsequence-LeetCode-d0c9deb4f3104c0fb28e95d731a51ef0, https://www.notion.so/Partition-Labels-Leetcode-3c0b164a082e4c2a92af739735bf3531, https://www.notion.so/Longest-Common-Subsequence-LeetCode-cc8345d83aa849a2aecabcf273efd124, https://www.notion.so/E-Sequence-Matching-5927c11dea5c47149e8870992aa6a27d, https://www.notion.so/Get-the-nth-string-in-the-sequence-a6ad8a3219a9434da355c405323fb7de, https://www.notion.so/K-Adjacent-Swaps-to-Make-Minimum-Integer-binarysearch-2a39e62026dc41b8ba8fcef11f4f267e, https://www.notion.so/Longest-Substring-with-At-Least-K-Repeating-Characters-Leetcode-ea0b1f127588452b8c5019bc9963c890, https://www.notion.so/Distinct-Subsequences-LeetCode-eae9ee441d2d4686bbe5abd598e23c46, https://www.notion.so/Repeated-Deletion-binarysearch-12233b91b4b34f39a217d86335d29cd9, https://www.notion.so/Kick_Start-Kick-Start-4114c61ac21b44629a4b066f6605968e, https://www.notion.so/Number-of-Different-Integers-in-a-String-LeetCode-00923807a9c34f358940a427f191502e, https://www.notion.so/Minimum-Number-of-Swaps-to-Make-the-Binary-String-Alternating-LeetCode-369ecf8aa25a48ceace4f9b57e8b3766",,active,
Recursion,,2,"May 01, 2021 11:16 PM","May 01, 2021 11:17 PM",,"https://www.notion.so/Closest-Dessert-Cost-LeetCode-4430e31229504edcab9f6a9045854b3d, https://www.notion.so/Subsets-LeetCode-d36cff854e0c4b7c8313352e2c614392",,,
Permutation,,1,"May 02, 2021 9:10 AM","May 02, 2021 9:10 AM",,https://www.notion.so/E-Restoring-the-Permutation-5f9c8cc83d7142e6b19c92508fe3f085,,,
Mountain,,1,"May 04, 2021 9:55 AM","May 04, 2021 9:55 AM",,https://www.notion.so/Towers-Without-a-Valley-2a2bd1d52aed4ea5a2cf9c5b7180418a,,,
Min Max Optimisation,,1,"May 04, 2021 9:56 AM","May 04, 2021 9:56 AM",,https://www.notion.so/C-MAD-TEAM-bbcf6c6f1b4e4fa59d82ced9ac7a49ae,,,
Probability,,6,"May 06, 2021 9:35 AM","May 06, 2021 9:35 AM",,"https://www.notion.so/VERY-HARD-Puzzle-What-Is-The-Distance-Between-Two-Random-Points-In-A-Square-YouTube-MindYourDe-e9b33e2cad2e4f6b8e61617d4c28dd8f, https://www.notion.so/Monty-Hall-Problem-664babec9a784dd999383e4a844bcd5d, https://www.notion.so/Probability-for-real-roots-3a00395e7a8244c6b24e29b799ceda28, https://www.notion.so/3-Points-Different-Semi-Circles-5d2149c846d041ceb38c6ed43392614a, https://www.notion.so/Probability-that-other-child-is-also-a-boy-ec6a06e172954251a8ff1d442eebc516, https://www.notion.so/Probability-that-the-other-child-is-also-a-boy-II-cdae717ac8fc431497a9dfc5e03b8088",,,
Pegionhole Principle,,1,"May 09, 2021 9:33 AM","May 09, 2021 9:33 AM",,https://www.notion.so/D-Happy-Birthday-2-e95f0cfa713248d696ba00dd0c9880c4,,,
Segment Tree,,2,"May 11, 2021 8:57 AM","May 11, 2021 8:57 AM",,"https://www.notion.so/F-Range-Xor-Query-7ba5a59b73bc4af58fc5ad4524a6b816, https://www.notion.so/Suffix-problem-930a503f2bc74f44994c0127df44122a",,,
Inclusion exclusion principle,,1,"May 11, 2021 9:02 AM","May 11, 2021 9:02 AM",,https://www.notion.so/Divisible-Numbers-4c7f5babf9514c09b4a738e561da51a4,,,
Slow Pointer,,2,"May 11, 2021 9:05 AM","May 11, 2021 9:05 AM",,"https://www.notion.so/Linked-List-Cycle-c19a53a841fb41e7bda27a6a2becc7d6, https://www.notion.so/Check-if-a-number-is-happy-33a3549d89ce49b69f803b78738751c8",,,
Inplace,,2,"May 11, 2021 9:07 AM","May 11, 2021 9:07 AM",,"https://www.notion.so/Wiggle-Sort-II-LeetCode-70f053666fd34448a7f8f1bb2f70cf22, https://www.notion.so/Set-Matrix-Zeroes-a2d8df68488a475abea93e911d611e63",,,
Simulation,,2,"May 11, 2021 9:09 AM","May 11, 2021 9:09 AM",,"https://www.notion.so/Minimum-Height-Trees-LeetCode-10bd19f2e6ba4561a13a9a2058b910b0, https://www.notion.so/Construct-Target-Array-With-Multiple-Sums-LeetCode-0ddd0a37e18640fdb814fc9346911b99",,,
Knapsack,,5,"May 11, 2021 9:10 AM","May 11, 2021 9:10 AM",,"https://www.notion.so/knapsack-8877369708774d8d81609402bd42b40e, https://www.notion.so/Minimum-Tree-From-Leaves-1ec8241682ba4939adeda57f71eb5807, https://www.notion.so/Last-Stone-Weight-II-LeetCode-c7e08fc2faa643f08c38f081dfc1839e, https://www.notion.so/Number-of-subsets-with-zero-sum-GeeksforGeeks-a616e3d18e7a404996104d016030d541, https://www.notion.so/Stone-Game-II-b5e49ab3f72742868ea991b0bb5918e2",,,
Game,,2,"May 19, 2021 9:15 AM","May 19, 2021 9:16 AM",,"https://www.notion.so/Who-wins-88b1a63c27624b1399d1c3805a37ff6f, https://www.notion.so/D-Game-in-Momotetsu-World-6c9e09ece6f3437584505f8e9819a57c",,active,
Rearrange,,1,"May 19, 2021 10:04 AM","May 19, 2021 10:04 AM",,https://www.notion.so/Rotating-the-Box-LeetCode-0b0cfd89bf66485ca71707f39eb9d48c,,,
Stack,,10,"May 20, 2021 9:10 AM","May 20, 2021 9:14 AM",,"https://www.notion.so/Reverse-Substrings-Between-Each-Pair-of-Parentheses-Leetcode-ff2fbf39fc064bd0ba2a1f82d3c96e3c, https://www.notion.so/Populating-Next-Right-Pointers-in-Each-Node-cf83d1794bcd4c80b032a8c7408427a6, https://www.notion.so/Asteroid-Collision-e93c0cb4208e4ee685c29ffbb7ae2670, https://www.notion.so/View-Over-People-binarysearch-c317db8ffb4e4bad91239988703efc81, https://www.notion.so/Remove-K-Digits-LeetCode-d9636684c1a749f08543542303c03063, https://www.notion.so/Longest-Valid-Parenthesis-c985403dd60a4b48bf694a2e13027aae, https://www.notion.so/Sum-of-Subarray-Minimums-Leetcode-0486d890393a4799985f416e77a0d18d, https://www.notion.so/Next-Greater-Node-in-Linked-List-a71002a860ef4eceba86978dd6b0a5ae, https://www.notion.so/Find-the-Most-Competitive-Subsequence-Leetcode-61f1994174a84126854d541b91b58202, https://www.notion.so/Largest-Rectangle-in-Histogram-LeetCode-93ff89988f3b41a4a3f8ac6b07eced18",,active,